item_id,item,category,link
1,Harry Potter and the Prisoner of Azkaban,1,"https://m.media-amazon.com/images/I/812CcFkEPCL._AC_UF1000,1000_QL80_.jpg"
2,The Forgotten City,1,https://image.api.playstation.com/vulcan/ap/rnd/202106/3010/Sgq7l1vKwsYclxIkaEnYyF4n.png
3,OutRun 2006: Coast 2 Coast,1,https://upload.wikimedia.org/wikipedia/en/thumb/d/df/Coast_2_Coast.jpg/220px-Coast_2_Coast.jpg
4,AquaNox 2: Revelation,1,https://i.ytimg.com/vi/pcY3TOUGdHo/maxresdefault.jpg
5,Game of Thrones: Episode Four - Sons of Winter,1,https://static.wikia.nocookie.net/gameofthrones/images/5/59/TTG_GoT_SOW_Promo.png/revision/latest?cb=20150521175816
6,The Deadly Tower of Monsters,1,https://upload.wikimedia.org/wikipedia/en/thumb/e/e7/Deadly_Tower_of_Monsters_cover.jpg/220px-Deadly_Tower_of_Monsters_cover.jpg
7,Jazzpunk,1,https://cdn.cloudflare.steamstatic.com/steam/apps/250260/ss_a00f1b5565d20223b409de8d3647a9f93463a700.1920x1080.jpg?t=1707339568
8,Dominions 3: The Awakening,1,https://cdn.akamai.steamstatic.com/steam/apps/248510/ss_1df0b7e210cc90c5668fc58c2d8b8a32cffb78f2.1920x1080.jpg?t=1469017955
9,Warrior Kings,1,https://cdn.cloudflare.steamstatic.com/steam/apps/297570/ss_99e8f6b8d925cc95c42b2ae02512a00f1248ed67.1920x1080.jpg?t=1574112800
10,Trevor Chan's Restaurant Empire,1,https://www.gamespot.com/a/uploads/scale_medium/box/7/2/5/7/4412-17257.jpg
11,Falcon 4.0: Allied Force,1,https://upload.wikimedia.org/wikipedia/en/thumb/c/ca/Falcon_AF_Cover.jpg/220px-Falcon_AF_Cover.jpg
12,Samurai Warriors 5,1,https://preview.redd.it/hif7kpsdd3g71.png?auto=webp&s=6c8ccdcdd310025b6176699dcd204edc2981e9a6
13,Owlboy,1,"https://assets.nintendo.com/image/upload/c_fill,w_1200/q_auto:best/f_auto/dpr_2.0/ncom/en_US/games/switch/o/owlboy-switch/hero"
14,Halo: Combat Evolved,1,https://upload.wikimedia.org/wikipedia/en/thumb/8/80/Halo_-_Combat_Evolved_%28XBox_version_-_box_art%29.jpg/220px-Halo_-_Combat_Evolved_%28XBox_version_-_box_art%29.jpg
15,The Sims 3: World Adventures,1,https://cdn.cloudflare.steamstatic.com/steam/apps/47892/header.jpg?t=1447353893
16,The Temple of Elemental Evil,1,https://images.gog-statics.com/103741ba496ea5b294999d54ca5a3d508be1fc21d56722af10a28a8b6b7e7260_product_card_v2_mobile_slider_639.jpg
17,Star Wars Galactic Battlegrounds: Clone Campaigns,1,https://static.wikia.nocookie.net/starwars/images/8/88/CloneCampaigns.jpg/revision/latest?cb=20090710185410
18,The Sims: Pet Stories,1,https://static.wikia.nocookie.net/sims/images/4/41/The_Sims_Pet_Stories.png/revision/latest?cb=20120929192928
19,Railroad Tycoon 3,1,https://cdn.cloudflare.steamstatic.com/steam/apps/7610/0000001803.1920x1080.jpg?t=1569013196
20,Get Even,1,https://m.media-amazon.com/images/M/MV5BZTllZDk1OWQtNzM1Yi00NzQyLWFjZTctZDUwYTUwNGJhMDYzXkEyXkFqcGdeQXVyOTc4Njg2MzI@._V1_FMjpg_UX1000_.jpg
21,Scramble,1,https://www.allrecipes.com/thmb/0VXMwCY9RVNrNvWcF_9v0iZpNqA=/1500x0/filters:no_upscale():max_bytes(150000):strip_icc()/JF_241160_CreamyCottageCheeseScrambled_4x3_12902-619d00dc88594ea9b8ed884a108db16d.jpg
22,Rise of Flight: The First Great Air War,1,https://upload.wikimedia.org/wikipedia/en/b/ba/Rise_of_Flight_The_First_Great_Air_War_Cover.jpg
23,Rogue Trooper,1,https://upload.wikimedia.org/wikipedia/en/9/98/2000AD228_Rogue_Trooper.jpg
24,Kaze and the Wild Masks,1,"https://assets.nintendo.com/image/upload/c_fill,w_1200/q_auto:best/f_auto/dpr_2.0/ncom/software/switch/70010000022296/91009ca25a0428271d6765ea02d796b533e0d9735430b40710c9219574131418"
25,Call of Duty: World at War,1,https://upload.wikimedia.org/wikipedia/en/6/69/WAW_Cover_Art.jpg
26,Tormented Souls,1,https://m.media-amazon.com/images/M/MV5BY2VkYjJhZTUtZjAyZS00NmUzLTk0ZWMtMzY1YjY3ZjBmZGQ0XkEyXkFqcGdeQXVyMTU0NTE4MTkz._V1_.jpg
27,FIFA World Cup: Germany 2006,1,https://upload.wikimedia.org/wikipedia/en/thumb/6/6b/2006_FIFA_World_Cup.svg/1200px-2006_FIFA_World_Cup.svg.png
28,The Typing of the Dead,1,https://upload.wikimedia.org/wikipedia/en/5/5a/TTOTD_Packshot.jpeg
29,Partisans 1941,1,https://cdn.cloudflare.steamstatic.com/steam/apps/1227530/capsule_616x353.jpg?t=1682340453
30,Biped,1,"https://assets.nintendo.com/image/upload/ar_16:9,c_lpad,w_1240/b_white/f_auto/q_auto/ncom/en_US/games/switch/b/biped-switch/hero"
31,Galactic Civilizations,1,https://cdn.cloudflare.steamstatic.com/steam/apps/226860/capsule_616x353.jpg?t=1697741439
32,Battlefield 1942: The Road to Rome,1,https://upload.wikimedia.org/wikipedia/en/6/6b/Battlefield_1942-_The_Road_to_Rome.jpg
33,Jolly Rover,1,https://tallshipsamerica.org/wp-content/uploads/formidable/15/jolly-rover.jpg
34,Flanker 2.0,1,https://upload.wikimedia.org/wikipedia/en/2/28/Flanker_2.5_coverart.png
35,Dream Pinball 3D,1,https://cdn.cloudflare.steamstatic.com/steam/apps/215790/ss_89981c9f9d043480fafc61864c52d5adad820b1e.1920x1080.jpg?t=1623327546
36,Tomb Raider: Underworld,1,https://upload.wikimedia.org/wikipedia/en/5/56/Tomb_Raider_-_Underworld.png
37,Escape From Paradise City,1,https://upload.wikimedia.org/wikipedia/en/a/a2/Escape_From_Paradise_City.jpg
38,Divinity II: Ego Draconis,1,https://upload.wikimedia.org/wikipedia/en/5/56/Divinity_2_cover.jpg
39,World of Warcraft: Legion,1,https://upload.wikimedia.org/wikipedia/en/2/22/Legion_cover.jpg
40,Sanctum 2,1,https://www.coffeestainstudios.com/imagegen.ashx?image=/media/1266/029_darkened3.jpg&width=1600&compression=90&constrain=false
41,Colin McRae Rally 2005,1,https://upload.wikimedia.org/wikipedia/en/thumb/5/5d/Colin_McRae_Rally_2005_cover.jpg/220px-Colin_McRae_Rally_2005_cover.jpg
42,Prototype,1,https://upload.wikimedia.org/wikipedia/en/b/b2/PROTOTYPE.png
43,Atomicrops,1,"https://assets.nintendo.com/image/upload/ar_16:9,b_auto:border,c_lpad/b_white/f_auto/q_auto/dpr_2.0/c_scale,w_400/ncom/software/switch/70010000017658/cb2204a66840c415341fe799a2af4ffe8864daea41b0fe544fc29ea10173a997"
44,Pathfinder: Wrath of the Righteous,1,https://cdn1.epicgames.com/offer/975d251af0384c88a898a996bda4881d/EGS_PathfinderWrathoftheRighteousEnhancedEdition_OwlcatGames_S2_1200x1600-fc0129430d25f46c7faa5b4167488ca1
45,Space Invaders Extreme,1,https://cdn.akamai.steamstatic.com/steam/apps/744050/header.jpg?t=1696963117
46,Infested Planet,1,https://cdn.cloudflare.steamstatic.com/steam/apps/204530/ss_cd8e5f7c0e24590bbe86886fdfc878b749ce8b71.1920x1080.jpg?t=1568483201
47,Hitman: Contracts,1,https://cdn.cloudflare.steamstatic.com/steam/apps/247430/ss_108236c8837d049ba280f99a1c38ad14691933c6.1920x1080.jpg?t=1667310970
48,RUSH,1,https://upload.wikimedia.org/wikipedia/commons/thumb/1/12/Rush_band_1970s.jpg/1200px-Rush_band_1970s.jpg
49,The Ramp,1,https://cdn.vox-cdn.com/thumbor/2sPDBVLuhbbf8VQomW82aDnJ5-s=/0x0:6528x4352/1200x800/filters:focal(2639x1480:3683x2524)/cdn.vox-cdn.com/uploads/chorus_image/image/70827797/1321184076.0.jpg
50,Condemned: Criminal Origins,1,https://m.media-amazon.com/images/M/MV5BY2IzMWYwYTMtZWNlNi00Y2NkLTg0NTUtOTM1MDNlNjI0NzY2XkEyXkFqcGdeQXVyMTA0MTM5NjI2._V1_FMjpg_UX1000_.jpg
51,Descent 3,1,https://cdn.akamai.steamstatic.com/steam/apps/273590/ss_d7d823966548752637a67be0de8f9d364ffe8d21.1920x1080.jpg?t=1667254605
52,The Sims Online,1,https://upload.wikimedia.org/wikipedia/en/d/db/The_Sims_Online_Cover.jpg
53,Starship Troopers: Terran Ascendancy,1,https://i.ytimg.com/vi/dvnVOOkdp_w/maxresdefault.jpg
54,Skully,1,"https://assets.nintendo.com/image/upload/f_auto/q_auto/dpr_2.0/c_scale,w_400/ncom/en_CA/games/switch/s/skully-switch/description-image"
55,The Incredible Adventures of Van Helsing II,1,https://cdn.cloudflare.steamstatic.com/steam/apps/272470/ss_7e05ceb6322376e32fd61c314fd5d5a434cfc4cb.1920x1080.jpg?t=1573827671
56,Arena Wars,1,https://cdn.akamai.steamstatic.com/steam/apps/207730/ss_9a606f30936c27180605f66ce5562bcd81e49f6c.1920x1080.jpg?t=1447355434
57,Dandara,1,https://play-lh.googleusercontent.com/PR9yZtp_ri01MpAT9rdFk8r-VLHSzkR3bKYHZRKk9pNwPV7y4DQbtFsAssNnGhCyAsw=w526-h296-rw
58,Zoo Tycoon 2: Endangered Species,1,https://m.media-amazon.com/images/I/611TPDB5G6L.jpg
59,Viva Pinata,1,https://upload.wikimedia.org/wikipedia/en/1/1e/Viva_Pi%C3%B1ata_cover.jpg
60,Trials of Mana,1,"https://assets.nintendo.com/image/upload/c_fill,w_1200/q_auto:best/f_auto/dpr_2.0/ncom/en_US/games/switch/t/trials-of-mana-switch/hero"
61,Sid Meier's SimGolf,1,"https://m.media-amazon.com/images/I/91I5OjJ7+cL._AC_UF1000,1000_QL80_.jpg"
62,Singularity,1,https://miro.medium.com/v2/resize:fit:1400/1*Jjo5us_EfpSAZzVCw285Kw.png
63,Cities in Motion,1,https://i.ytimg.com/vi/FemH4GhEqEs/maxresdefault.jpg
64,Star Trek: Deep Space Nine: The Fallen,1,https://upload.wikimedia.org/wikipedia/en/thumb/a/ac/Deep_Space_Nine_The_Fallen_gameplay.jpg/230px-Deep_Space_Nine_The_Fallen_gameplay.jpg
65,Summoner,1,https://upload.wikimedia.org/wikipedia/en/e/e2/Summonercover.jpg
66,Life is Strange: Before the Storm - Episode 1: Awake,1,https://static.wikia.nocookie.net/life-is-strange/images/0/08/E1_keyart.png/revision/latest?cb=20181219205902
67,TrackMania Sunrise,1,https://upload.wikimedia.org/wikipedia/en/b/bd/TrackMania_Sunrise_cover.jpeg
68,Valdis Story: Abyssal City,1,https://cdn.cloudflare.steamstatic.com/steam/apps/252030/ss_309182fae1e36835035edccbbab5703e4ec2718a.1920x1080.jpg?t=1544621869
69,Squad Assault: West Front,1,https://www.gamespot.com/a/uploads/original/gamespot/images/2004/reviews/547125-589701_20040129_002.jpg
70,Beyond: Two Souls,1,https://cdn.cloudflare.steamstatic.com/steam/apps/960990/capsule_616x353.jpg?t=1667468566
71,The Darkness II,1,https://upload.wikimedia.org/wikipedia/en/e/ed/The_Darkness_II_cover.jpg
72,ICEY,1,https://play-lh.googleusercontent.com/FQttdaXIDP4UTGwqZyhEs5odkneJZNs1Zr5ALtWFw7mugmlFEGP8O23hDvBEbHyAVNI=w526-h296-rw
73,Guitar Hero III: Legends of Rock,1,https://upload.wikimedia.org/wikipedia/en/9/93/Guitar-hero-iii-cover-image.jpg
74,Midway Arcade Treasures Deluxe Edition,1,https://m.media-amazon.com/images/I/91bx03fnPOL.jpg
75,Tales of Monkey Island Chapter 5: Rise of the Pirate God,1,https://i.ytimg.com/vi/zxE4Ztu-ZMo/maxresdefault.jpg
76,The Sims 2: FreeTime,1,https://upload.wikimedia.org/wikipedia/en/e/e8/TS2FT_cover_art.png
77,"Warhammer 40,000: Dawn of War II - Retribution",1,https://cdn.cloudflare.steamstatic.com/steam/apps/56437/ss_e526679e6c04b5e5ac3785b8f8085e46cef04367.1920x1080.jpg?t=1603127845
78,Immortals Fenyx Rising,1,https://upload.wikimedia.org/wikipedia/en/5/5f/Immortals_Fenyx_Rising_cover_art.jpg
79,Fable Fortune,1,https://cdn.akamai.steamstatic.com/steam/apps/469830/header.jpg?t=1583351359
80,Pix the Cat,1,"https://assets.nintendo.com/image/upload/c_fill,w_1200/q_auto:best/f_auto/dpr_2.0/ncom/en_US/games/switch/p/pix-the-cat-switch/hero"
81,Katamari Damacy REROLL,1,"https://assets.nintendo.com/image/upload/c_fill,w_1200/q_auto:best/f_auto/dpr_2.0/ncom/software/switch/70010000013947/8bc1c03c10ce90de73d2203a0e42d130aad9e81b437c53930e0d4fd81a4359a4"
82,ArmA II,1,https://cdn.akamai.steamstatic.com/steam/apps/33900/ss_e648d809a1500cf10bdba0367466cb6856d3e055.1920x1080.jpg?t=1644583779
83,Etherlords II,1,https://cdn.akamai.steamstatic.com/steam/apps/270790/ss_74343fc48021ed2c79fd1f895eed2cf73f82d05e.1920x1080.jpg?t=1570706747
84,Cultures 2: The Gates of Asgard,1,https://i.ytimg.com/vi/Mn4JP5WVhXM/maxresdefault.jpg
85,ER (2005),1,https://www.gamespot.com/a/uploads/scale_tiny/box/0/0/7/9/20710-60079.jpg
86,Full Metal Furies,1,https://i.ytimg.com/vi/TU43IOenK30/maxresdefault.jpg
87,Sam & Max: The Devil's Playhouse - Episode 4: Beyond the Alley of the Dolls,1,https://www.techspot.com/images/products/2010/pc-games/org/2064379916_1542194761_o.jpg
88,Attentat 1942,1,https://upload.wikimedia.org/wikipedia/en/c/cf/Attentat1942_Poster.jpg
89,World of Final Fantasy,1,https://cdn.akamai.steamstatic.com/steam/apps/552700/header.jpg?t=1673947787
90,Foreclosed,1,https://www.thebalancemoney.com/thmb/DRhq1mgq-upkRKEba9i4DdKBmp0=/1500x0/filters:no_upscale():max_bytes(150000):strip_icc()/GettyImages-84663827-577047953df78cb62c85eeb9.jpg
91,Gray Matter,1,https://assets.technologynetworks.com/production/dynamic/images/content/322973/gray-matter-vs-white-matter-322973-640x360.jpg
92,Nancy Drew: Secret of the Old Clock,1,https://upload.wikimedia.org/wikipedia/commons/thumb/8/8a/The_Secret_of_the_Old_Clock_%281930%29_front_cover%2C_printing_1933B-14.jpg/640px-The_Secret_of_the_Old_Clock_%281930%29_front_cover%2C_printing_1933B-14.jpg
93,Westerado: Double Barreled,1,https://store-images.s-microsoft.com/image/apps.23566.71172010082795076.fc72e5be-369c-47cf-9782-d436e6db70ef.f864cbcf-9b4a-4896-b6ba-54942f213470?q=90&w=480&h=270
94,Delta Force: Black Hawk Down,1,https://upload.wikimedia.org/wikipedia/en/c/c6/DFBHDCover.jpg
95,Fallout 3: Point Lookout,1,https://static.wikia.nocookie.net/fallout/images/c/c9/Point_Lookout_Steam_banner.jpg/revision/latest?cb=20110709024742
96,Cloudpunk,1,https://i.ytimg.com/vi/5y891t5q7K8/maxresdefault.jpg
97,BCT Commander,1,https://upload.wikimedia.org/wikipedia/en/1/16/BCT_Commander.jpg
98,S.T.A.L.K.E.R.: Clear Sky,1,https://upload.wikimedia.org/wikipedia/en/b/b7/STALKER_Clear_Sky.jpg
99,Moto Racer 3,1,https://upload.wikimedia.org/wikipedia/en/thumb/d/d3/Moto_Racer_3_screen.jpg/220px-Moto_Racer_3_screen.jpg
100,Shovel Knight: King of Cards,1,"https://assets.nintendo.com/image/upload/c_fill,w_1200/q_auto:best/f_auto/dpr_2.0/ncom/software/switch/70010000027060/0ed8db82af3c1a332393836fbacb4d443c4d4ce4caea38f6704514186c56e343"
101,Sword of the New World: Granado Espada,1,https://www.trustedreviews.com/wp-content/uploads/sites/54/2007/08/5115-sword1-1.jpg
102,DreamWorks Shark Tale,1,https://upload.wikimedia.org/wikipedia/en/0/0d/Movie_poster_Shark_Tale.jpg
103,Sam & Max: The Devil's Playhouse - Episode 5: The City That Dares Not Sleep,1,https://assets-prd.ignimgs.com/2020/11/09/sam-and-max-devils-playhouse-episode-5-button-1604961505021.jpg
104,Nosferatu: The Wrath of Malachi,1,https://upload.wikimedia.org/wikipedia/en/thumb/a/a9/Nosferatugamecov.jpg/220px-Nosferatugamecov.jpg
105,Harvester,1,"https://m.media-amazon.com/images/I/71VjSuCezhL._AC_UF894,1000_QL80_.jpg"
106,Tony Hawk's American Wasteland,1,"https://m.media-amazon.com/images/I/61A7+PfhaEL._AC_UF1000,1000_QL80_.jpg"
107,Praetorians,1,https://i.ytimg.com/vi/MlD7jYEn6U8/maxresdefault.jpg
108,Paradise Killer,1,https://i.ytimg.com/vi/fSprpzYzHKg/maxresdefault.jpg
109,JetFighter IV: Fortress America,1,https://i.ytimg.com/vi/4F8b90k-3H0/maxresdefault.jpg
110,Spore Creature Creator,1,https://upload.wikimedia.org/wikipedia/en/2/2b/Spore_Creature_Creator_Coverart.png
111,STASIS,1,https://cards.scryfall.io/large/front/3/8/38211d78-ebac-4150-ac11-7613a0e9e1bc.jpg?1682203438
112,Shade: Wrath of Angels,1,https://upload.wikimedia.org/wikipedia/en/5/5f/Shade_-_Wrath_of_Angels.jpg
113,TRI,1,https://ourbestbites.com/wp-content/uploads/2023/06/UB5A9241-3.jpg
114,LEGO Universe,1,https://upload.wikimedia.org/wikipedia/en/thumb/f/f9/LegoUniverse.png/220px-LegoUniverse.png
115,Legends of Eisenwald,1,https://cdn.cloudflare.steamstatic.com/steam/apps/416750/ss_9c4eaa5d39d1be5f3bc50d5aad6b57bb34889e4f.1920x1080.jpg?t=1589820379
116,Verdun,1,https://cdn.britannica.com/36/188636-050-5F9A5DFC/soldiers-French-front-line-Battle-of-Verdun-1916.jpg
117,Assassin's Creed: Revelations,1,https://upload.wikimedia.org/wikipedia/en/d/d9/Assassins_Creed_Revelations_Cover.jpg
118,Still Life,1,https://d7hftxdivxxvm.cloudfront.net/?quality=80&resize_to=width&src=https%3A%2F%2Fd32dm0rphc51dk.cloudfront.net%2FdQvJAIgnJpe9uBgyPDpMIg%2Fnormalized.jpg&width=910
119,The Bard's Tale,1,https://upload.wikimedia.org/wikipedia/en/thumb/8/81/Bardstalebox.jpg/220px-Bardstalebox.jpg
120,Bloodline Champions,1,https://i.ytimg.com/vi/3vu70sWL2pA/maxresdefault.jpg
121,Star Wars Pinball VR,1,https://cdn.cloudflare.steamstatic.com/steam/apps/1530770/header.jpg?t=1686922695
122,Penumbra: Overture,1,https://cdn.cloudflare.steamstatic.com/steam/apps/22180/capsule_616x353.jpg?t=1670246382
123,EVE Online: Special Edition,1,https://www.gamespot.com/a/uploads/scale_medium/box/6/3/5/4/40575-106354.jpg
124,Metal Gear Solid V: Ground Zeroes,1,https://cdn.cloudflare.steamstatic.com/steam/apps/311340/capsule_616x353.jpg?t=1690416708
125,Sherlock Holmes vs. Jack the Ripper,1,https://upload.wikimedia.org/wikipedia/en/d/d4/Sherlock_Holmes_vs._Jack_the_Ripper_Cover.jpg
126,Obscure,1,https://upload.wikimedia.org/wikipedia/en/e/e4/Obscure_cover.jpg
127,Enslaved: Odyssey to the West,1,https://upload.wikimedia.org/wikipedia/en/thumb/c/c2/Enslaved_Odyssey_to_the_West.jpg/220px-Enslaved_Odyssey_to_the_West.jpg
128,The Sims 2: Pets,1,https://upload.wikimedia.org/wikipedia/en/thumb/6/69/TS2P_cover_art.png/220px-TS2P_cover_art.png
129,VIDEOBALL,1,https://upload.wikimedia.org/wikipedia/commons/9/9b/Videoball_logo.png
130,Burnout Paradise: The Ultimate Box,1,https://i.ytimg.com/vi/EunG_vPE0TI/maxresdefault.jpg
131,War Front: Turning Point,1,https://i.redd.it/9v2yk8cl0ck41.jpg
132,The Sims: Superstar,1,https://static.wikia.nocookie.net/sims/images/5/5e/Sims1_ms_screen1.jpg/revision/latest?cb=20100206154121
133,Magicka,1,https://cdn.akamai.steamstatic.com/steam/apps/42910/ss_e1d4017ccb5a3387b76807298dad84c719614765.1920x1080.jpg?t=1615973729
134,Armadillo Run,1,https://upload.wikimedia.org/wikipedia/en/3/36/Armadillo_Run_cover_art.jpg
135,Transport Fever,1,https://cdn.cloudflare.steamstatic.com/steam/apps/1066780/capsule_616x353.jpg?t=1679083602
136,Memento Mori,1,http://store.dailystoic.com/cdn/shop/products/Memento-mori.png?v=1619113772
137,Dogs of War: Battle On Primus IV,1,https://i.ytimg.com/vi/DXVqEJwz_L8/maxresdefault.jpg
138,NHL 2004,1,https://upload.wikimedia.org/wikipedia/en/2/27/NHL_2004_Coverart.png
139,Vietcong: Fist Alpha,1,https://www.gamespot.com/a/uploads/original/gamespot/images/2004/reviews/548569-917906_20040209_002.jpg
140,The Partners,1,https://media.licdn.com/dms/image/C4E0BAQGU04_GL7W0Nw/company-logo_200_200/0/1631320246614?e=2147483647&v=beta&t=y5lXEUCR7uMXpdz9nL31wSGKaOU-xQvuVimYIsANEBU
141,The Blackwell Epiphany,1,https://i.ytimg.com/vi/WAK_CcCDE84/maxresdefault.jpg
142,Lovers in a Dangerous Spacetime,1,https://i.ytimg.com/vi/5L20xxqDfII/maxresdefault.jpg
143,Aerial Strike: The Yager Missions,1,https://www.metacritic.com/a/img/catalog/provider/6/3/6-1-64933-13.jpg
144,Lethal League,1,https://cdn.cloudflare.steamstatic.com/steam/apps/553310/ss_c004a3771b65a840af386eaf69d0fbd28c81134a.1920x1080.jpg?t=1699872274
145,Blacklight: Retribution,1,https://upload.wikimedia.org/wikipedia/en/c/cd/Blacklight_retribution.png
146,UFO: Afterlight,1,https://cdn.akamai.steamstatic.com/steam/apps/237950/ss_e3bb525437c7376388e3360440ebe0a8de765f6a.1920x1080.jpg?t=1521643581
147,Code Vein,1,https://static.bandainamcoent.eu/high/code-vein/code-vein/00-page-setup/cv_game-thumbnail.jpg
148,Emperor: Rise of the Middle Kingdom,1,https://i.redd.it/a608kn4da6gy.jpg
149,Alpha Protocol,1,https://upload.wikimedia.org/wikipedia/en/6/6c/Alpha_Protocol_cover.jpg
150,Silicon Dreams,1,https://cdn.cloudflare.steamstatic.com/steam/apps/1272070/header.jpg?t=1667211152
151,Bugsnax,1,https://upload.wikimedia.org/wikipedia/en/f/fa/Bugsnax_box_art.jpg
152,Maximum Capacity: Hotel Giant,1,https://upload.wikimedia.org/wikipedia/en/7/7b/Maximum_Capacity_Hotel_Giant_cover.jpg
153,Going Under,1,"https://assets.nintendo.com/image/upload/c_fill,w_1200/q_auto:best/f_auto/dpr_2.0/ncom/en_US/games/switch/g/going-under-switch/hero"
154,Sang-Froid: Tales of Werewolves,1,https://cdn.akamai.steamstatic.com/steam/apps/227220/header.jpg?t=1702670955
155,Chicory: A Colorful Tale,1,"https://assets.nintendo.com/image/upload/f_auto/q_auto/dpr_2.0/c_scale,w_400/ncom/en_US/games/switch/c/chicory-a-colorful-tale-switch/description-image"
156,The Affairs of Anatol,2,https://upload.wikimedia.org/wikipedia/commons/1/13/The_Affairs_of_Anatol_1921_lobbycardposter.jpg
157,Amarilly of Clothes-Line Alley,2,https://upload.wikimedia.org/wikipedia/commons/3/37/Amarilly_of_Clothes-line_Alley_poster.jpg
158,The Delicious Little Devil,2,https://m.media-amazon.com/images/M/MV5BNGRjODEwMjMtZDRkMC00M2JjLWExYzgtNGRjZWQ1M2FiMDlmXkEyXkFqcGdeQXVyMTY5MDE5NA@@._V1_.jpg
159,Why Change Your Wife?,2,https://upload.wikimedia.org/wikipedia/commons/b/b8/Poster_-_Why_Change_Your_Wife_01.jpg
160,My Lady's Garter,2,https://pictures.abebooks.com/inventory/12188869688.jpg
161,The Kid,2,https://upload.wikimedia.org/wikipedia/commons/5/59/CC_The_Kid_1921.jpg
162,London After Midnight,2,https://upload.wikimedia.org/wikipedia/commons/0/06/London_After_Midnight_Poster_1927_MGM.jpg
163,One A.M.,2,https://upload.wikimedia.org/wikipedia/commons/f/fa/One_A.M._poster.jpg
164,The House with Closed Shutters,2,https://upload.wikimedia.org/wikipedia/en/9/9e/The_House_with_Closed_Shutters.jpg
165,"Sherlock, Jr.",2,https://upload.wikimedia.org/wikipedia/commons/thumb/c/c1/Sherlock_jr_poster.jpg/800px-Sherlock_jr_poster.jpg
166,Face Value,2,https://upload.wikimedia.org/wikipedia/en/c/c9/Phil_Collins_-_Face_Value.png
167,"Don Q, Son of Zorro",2,https://upload.wikimedia.org/wikipedia/commons/f/fc/Don_Q_Son_of_Zorro_-_film_poster.jpg
168,Beau Brummel,2,https://upload.wikimedia.org/wikipedia/commons/9/9b/BrummellEngrvFrmMiniature.jpg
169,Long Pants,2,https://m.media-amazon.com/images/I/61OKOpLsi8L._AC_UY1000_.jpg
170,The Gulf Between,2,https://upload.wikimedia.org/wikipedia/commons/thumb/1/1e/The-gulf-between-surviving-cell.jpg/640px-The-gulf-between-surviving-cell.jpg
171,Better Times,2,https://i.ytimg.com/vi/hiYBpCUNddM/maxresdefault.jpg
172,Out of the Inkwell,2,https://upload.wikimedia.org/wikipedia/commons/d/d7/Out_of_the_Inkwell_-_Jan_1922_EH.jpg
173,The Young Rajah,2,https://upload.wikimedia.org/wikipedia/commons/2/2d/The_Young_Rajah_-_1922_poster.jpg
174,Daydreams,2,https://calmerry.com/wp-content/uploads/2023/12/Symptoms-of-maladaptive-daydreaming.jpg
175,The Fight for Freedom,2,https://d28hgpri8am2if.cloudfront.net/book_images/cvr9780689864223_9780689864223_hr.jpg
176,Mabel at the Wheel,2,https://upload.wikimedia.org/wikipedia/commons/8/86/Mabel_at_the_Wheel.jpg
177,Beau Geste,2,https://upload.wikimedia.org/wikipedia/en/f/f9/Beau_Geste_1939_film_poster.jpg
178,The Bell Boy,2,https://upload.wikimedia.org/wikipedia/commons/1/12/The_Bell_Boy_%28Paramount%2C_1918%29._One_Sheet_%2828_X_41%29.jpg
179,Kathleen Mavourneen,2,https://upload.wikimedia.org/wikipedia/commons/4/42/Sheet_music_cover_-_KATHLEEN_MAVOURNEEN_%281919%29.jpg
180,Why Worry?,2,https://media.licdn.com/dms/image/D4D12AQGjrgMrln2q_g/article-cover_image-shrink_720_1280/0/1659601182432?e=2147483647&v=beta&t=x3FlddwyGBUU11hi8jsV0Bsjq_CbXEGJdjuNU2VTsT4
181,The Freshman,2,https://m.media-amazon.com/images/M/MV5BNjMzZGE4YTctMzUxOS00OTYzLWI4YTAtNTdkZDFjYWQ5OGY4XkEyXkFqcGdeQXVyNjUwNzk3NDc@._V1_.jpg
182,The Tramp,2,"https://m.media-amazon.com/images/M/MV5BNzZmYjYwZDItYzJiMy00ZDY2LWJhOTItNTQ5NzljNTQzODZmXkEyXkFqcGdeQXRoaXJkLXBhcnR5LXZpZGVvLXVwZGF0ZXI@._V1_QL75_UX500_CR0,47,500,281_.jpg"
183,Laughing Gas,2,https://www.dafko.com/wp-content/uploads/How-Old-Does-a-Child-Need-To-Be-To-Get-Laughing-Gas-At-The-Dentist-blog.jpg
184,The Sky Pilot,2,https://upload.wikimedia.org/wikipedia/en/d/d8/Sky_pilot_-_45rpm_cover.jpg
185,The King of Kings,2,https://upload.wikimedia.org/wikipedia/en/c/c4/KingofKings.jpg
186,The Plastic Age,2,https://upload.wikimedia.org/wikipedia/commons/7/76/ThePlasticAge.png
187,The Jazz Singer,2,https://upload.wikimedia.org/wikipedia/commons/thumb/d/d2/The_Jazz_Singer_1927_Poster.jpg/800px-The_Jazz_Singer_1927_Poster.jpg
188,The Eagle,2,https://m.media-amazon.com/images/M/MV5BMTY1MjYwNTQ4Ml5BMl5BanBnXkFtZTcwMjYwNzAxNA@@._V1_.jpg
189,Brigada,2,https://upload.wikimedia.org/wikipedia/en/1/10/Brigada_title_screen.jpg
190,The Great Train Robbery,2,https://m.media-amazon.com/images/M/MV5BYjgwMTgzNmUtYjA2OC00MjVhLWEzNTEtOWQwNjlmNThhYWMyXkEyXkFqcGdeQXVyMTA0MTM5NjI2._V1_.jpg
191,Anne of Green Gables,2,https://m.media-amazon.com/images/M/MV5BNjBmYjU2YjQtNjc3NS00NmMzLTk3OWUtNDM0ZDEyOGQ4ZWI0XkEyXkFqcGdeQXVyMzU3MTc5OTE@._V1_.jpg
192,The Blot,2,https://upload.wikimedia.org/wikipedia/en/8/8d/The_Blot_dvd_cover.jpg
193,Girl Shy,2,https://upload.wikimedia.org/wikipedia/commons/thumb/2/25/Advertisement_for_Girl_Shy.jpg/1200px-Advertisement_for_Girl_Shy.jpg
194,"Believe Me, Xantippe",2,https://upload.wikimedia.org/wikipedia/commons/3/36/Believe_Me%2C_Xantippe_%281913%29_1.jpg
195,The Grim Game,2,https://upload.wikimedia.org/wikipedia/commons/9/91/Grim_game.jpg
196,The Echo of Youth,2,"https://m.media-amazon.com/images/I/51yPwVjiANL._AC_UF1000,1000_QL80_.jpg"
197,"For Better, For Worse",2,https://upload.wikimedia.org/wikipedia/en/8/8f/TylerPerrysForBetterorWorseIntertitle.jpg
198,The Yankee Consul,2,https://upload.wikimedia.org/wikipedia/commons/thumb/e/ea/The_Yankee_Consul_%28SAYRE_14417%29.jpg/1200px-The_Yankee_Consul_%28SAYRE_14417%29.jpg
199,Listen Lester,2,https://upload.wikimedia.org/wikipedia/en/4/46/Listen_Lester_film_poster.jpg
200,We Can't Have Everything,2,https://upload.wikimedia.org/wikipedia/commons/b/be/We_Can%27t_Have_Everything_-_glass_slide_-_1918.jpg
201,Mabel's Married Life,2,https://resizing.flixster.com/G7n7i9Q5J84plQsOvda60TnJTZ4=/206x305/v2/https://resizing.flixster.com/-XZAfHZM39UwaGJIFWKAE8fS0ak=/v3/t/assets/p9410642_p_v8_aa.jpg
202,America,2,https://cdn.britannica.com/50/3050-050-9996F255/North-America-politcal-map-continent.jpg
203,True Heart Susie,2,https://upload.wikimedia.org/wikipedia/commons/9/99/Trueheartsusie1919movieposter.jpg
204,Brewster's Millions,2,https://m.media-amazon.com/images/M/MV5BM2MyMGJmZGEtOGQzNC00ZGMyLWEwNDYtMGExZjBlYjZlZGNkXkEyXkFqcGdeQXVyNDk3NzU2MTQ@._V1_.jpg
205,The Goat,2,https://preview.redd.it/cr7-the-goat-photoshopped-v0-d935oveweo6a1.png?auto=webp&s=7e991543382771df4b7e028a9efa5919bd3ee287
206,Back Stage,2,https://alextheatre.org/wp-content/uploads/Alex-Theatre-New-Freight-Elevator1.jpg
207,Way Down East,2,https://upload.wikimedia.org/wikipedia/commons/thumb/f/f1/Waydowneast1.jpg/1200px-Waydowneast1.jpg
208,Forbidden Fruit,2,https://leafly-public.imgix.net/strains/photos/NpVfX1KVSTy0SYoZ112D_ForbiddenFruit.png
209,Moonshine,2,https://i0.wp.com/www.juniorsmidnightmoon.com/wp-content/uploads/2023/05/1200x1840-80-Proof-Moonshine-Midnight-Moon-E-Comm-Product-Image-750ml-.png?fit=1200%2C1840&ssl=1
210,The Devil-Stone,2,https://i.ytimg.com/vi/I0fFHcAEKwI/maxresdefault.jpg
211,Pocahontas,2,https://lumiere-a.akamaihd.net/v1/images/pp_princess_pocahontas_static_mobile_20694_046a2b36.jpeg?region=0%2C0%2C640%2C480
212,The Rough House,2,https://images.adsttc.com/media/images/5b71/013e/f197/cc5a/2c00/0aeb/newsletter/13.jpg?1534132475
213,The Salvation Hunters,2,https://upload.wikimedia.org/wikipedia/commons/2/23/The_Salvation_Hunters%2C_1925_film._L_to_R%2C_Georgia_Hale%2C_George_K._Arthur.jpg
214,The Family Honor,2,https://upload.wikimedia.org/wikipedia/en/c/cb/Familyhonor.jpg
215,Men Who Have Made Love to Me,2,https://m.media-amazon.com/images/M/MV5BZDZkNzhjZGMtZmY1YS00MTgyLTliMDAtMjcwMzliYjA0ZTExXkEyXkFqcGdeQXVyMjUxODE0MDY@._V1_FMjpg_UX1000_.jpg
216,He Who Gets Slapped,2,https://upload.wikimedia.org/wikipedia/commons/4/43/He_Who_Gets_Slapped.jpg
217,Caught in the Rain,2,https://upload.wikimedia.org/wikipedia/commons/b/b6/Caught_in_the_rain.jpg
218,Divorce and the Daughter,2,https://images.news18.com/ibnlive/uploads/2021/07/1626856418_desi-twitter-discusses-divorce.png
219,His Wedding Night,2,https://upload.wikimedia.org/wikipedia/commons/e/e0/Hisweddingnight-newspaperad-1917.jpg
220,Grandma's Boy,2,https://m.media-amazon.com/images/M/MV5BMDFiYzQ0NzktMGNkNy00YTQ0LTgxODgtNDViNGIxMTc1NGFjL2ltYWdlXkEyXkFqcGdeQXVyMTQxNzMzNDI@._V1_.jpg
221,I Do,2,https://www.logodesignlove.com/images/monograms/wedding-planner-logo.jpg
222,The Captive,2,"https://m.media-amazon.com/images/I/51H2M-LMc2L._AC_UF894,1000_QL80_.jpg"
223,The Escape,2,https://m.media-amazon.com/images/M/MV5BZTJkNDBiN2YtM2Q3Yi00MjA1LTgyZjctNDFmOTllMmI0ZjM3XkEyXkFqcGdeQXVyODY3Nzc0OTk@._V1_.jpg
224,Tillie's Punctured Romance,2,https://upload.wikimedia.org/wikipedia/en/d/d9/Tillie%27s_Punctured_Romance_%281914_film%29_%28DVD_box_art%29.jpg
225,Adventure,2,https://wwwnc.cdc.gov/travel/images/mountain-biker.jpg
226,The White Heather,2,https://www.enotecapalatone.it/public/liquori/357.jpg
227,Little Annie Rooney,2,https://m.media-amazon.com/images/M/MV5BN2ExZWE4YjEtMDNjYy00MDc3LTg4MmItMjYzNzRmMDI5ZDg0XkEyXkFqcGdeQXVyMzg1ODEwNQ@@._V1_.jpg
228,The Haunted House,2,https://m.media-amazon.com/images/M/MV5BMTM1ODgyOTI0NF5BMl5BanBnXkFtZTcwODgyMDY3OA@@._V1_.jpg
229,813,2,https://www.allareacodes.com/area-code-maps/813-area-code.png
230,The Miracle Man,2,https://upload.wikimedia.org/wikipedia/commons/e/e4/Miracle_Man_poster.jpg
231,The Great Love,2,https://upload.wikimedia.org/wikipedia/en/5/59/The_Greatest_Love_Promotional_Poster_%28640x512%29.jpg
232,Silk Hosiery,2,https://estylingerie.com/wp-content/uploads/2020/04/silk-hosiery.jpg
233,The Garage,2,https://thegaragemn.files.wordpress.com/2021/08/dsc1369.jpg
234,The World and Its Woman,2,https://upload.wikimedia.org/wikipedia/commons/4/49/Geraldine_Farrar_The_World_and_it%27s_Woman_Film_Daily_1919.png
235,The Bad Boy,2,https://m.media-amazon.com/images/M/MV5BMWU0MGYwZWQtMzcwYS00NWVhLTlkZTAtYWVjOTYwZTBhZTBiXkEyXkFqcGdeQXVyMTkxNjUyNQ@@._V1_.jpg
236,Kentucky Pride,2,https://kyforky.com/cdn/shop/products/b4da6f9880ae1e4ba0b2621b7454ef56.jpg?v=1632410944
237,The Mate of the Sally Ann,2,https://upload.wikimedia.org/wikipedia/commons/thumb/9/92/Mate_of_Sally_Ann.png/220px-Mate_of_Sally_Ann.png
238,Ramona,2,https://pad.mymovies.it/filmclub/2022/09/159/locandina.jpg
239,The Shock,2,https://upload.wikimedia.org/wikipedia/commons/8/8f/The_Shock_%281923%29_-_4.jpg
240,Seven Sinners,2,https://upload.wikimedia.org/wikipedia/en/e/e2/Poster_of_the_movie_Seven_Sinners.jpg
241,The Man Who Lost Himself,2,https://m.media-amazon.com/images/M/MV5BYWZjMjA5M2QtNzA5ZC00NmQ5LTg3OTEtY2ZiNWFjZTMyMTI2XkEyXkFqcGdeQXVyMzc5ODc1MDY@._V1_.jpg
242,The Abandonment,2,https://static.poetryfoundation.org/jstor/i20594461/pages/36.png
243,La Bohème,2,https://www.metopera.org/globalassets/season/2019-20/operas/boheme-la/1600x685/1600x685_boheme3.jpg
244,The Toast of Death,2,https://upload.wikimedia.org/wikipedia/commons/thumb/2/2c/Thetoastofdeath-1914-poster.jpg/220px-Thetoastofdeath-1914-poster.jpg
245,Wild Oranges,2,https://upload.wikimedia.org/wikipedia/commons/thumb/7/7c/Wild_Orange_fruit_%2810868128715%29.jpg/2560px-Wild_Orange_fruit_%2810868128715%29.jpg
246,Dr. Jekyll and Mr. Hyde,2,"https://m.media-amazon.com/images/I/81HBlH7U24L._AC_UF1000,1000_QL80_.jpg"
247,Neighbors,2,https://m.media-amazon.com/images/M/MV5BOTQ0OTkzODgyNF5BMl5BanBnXkFtZTgwOTA3OTE4MDE@._V1_.jpg
248,"Cruel, Cruel Love",2,https://upload.wikimedia.org/wikipedia/commons/0/00/CC_Cruel_Cruel_Love_1914.JPG
249,The Black Viper,2,https://static.wikia.nocookie.net/forgottenrealms/images/4/48/TheBlackViper-5e.jpg/revision/latest?cb=20181006212012
250,Blind Husbands,2,https://upload.wikimedia.org/wikipedia/commons/c/c7/Blind-husbands-1919-movieposter.jpg
251,The Saphead,2,https://m.media-amazon.com/images/M/MV5BZDNiODA3NzQtNTBmZS00NTM3LWJlOGMtMDg2NzFiNDU2M2M3XkEyXkFqcGdeQXVyMjUxODE0MDY@._V1_.jpg
252,Peter Pan,2,https://m.media-amazon.com/images/M/MV5BMmQyMDlhMTAtZWFiYy00NTQ5LTgxZTgtZDhlNmQ5MmMwMjBmXkEyXkFqcGdeQXVyOTYyMTY2NzQ@._V1_FMjpg_UX1000_.jpg
253,Helen's Babies,2,https://upload.wikimedia.org/wikipedia/commons/f/f8/Helen%27s_Babies%2C_Grosset_%26_Dunlap_%281908%29.jpg
254,A Fool There Was,2,https://upload.wikimedia.org/wikipedia/commons/7/7b/Fooltherewas1915movieposter.jpg
255,Getting Acquainted,2,https://www.mjcpa.com/wp-content/uploads/2019/06/mauldin_jenkins_employer_brief_6.21.19.jpg
256,Sally of the Sawdust,2,https://upload.wikimedia.org/wikipedia/commons/2/26/Sally_of_the_Sawdust_%28film_poster%29.jpg
257,The Battle of the Sexes,2,https://m.media-amazon.com/images/M/MV5BZTljYmU2NTMtODhhNC00NjlhLWJhZTUtNDllODYyYWM4ZjA5XkEyXkFqcGdeQXVyNjM0ODk5NDY@._V1_.jpg
258,Chicago,2,https://dynamic-media-cdn.tripadvisor.com/media/photo-o/26/df/65/c1/caption.jpg?w=1200&h=-1&s=1
259,The Ghost of Slumber Mountain,2,https://upload.wikimedia.org/wikipedia/commons/4/49/The_Ghost_of_Slumber_Mountain_-_1918_-_poster.jpg
260,The Italian,2,https://m.media-amazon.com/images/M/MV5BMTU2Nzc0NDA0N15BMl5BanBnXkFtZTcwODQwMTM0MQ@@._V1_.jpg
261,A Romance of Happy Valley,2,https://m.media-amazon.com/images/M/MV5BY2VhZDc1MzEtODIyZC00YTM4LTlmNjctNDgyMzA3YjZjMTU2XkEyXkFqcGdeQXVyNjA5MTAzODY@._V1_.jpg
262,The Ten Commandments,2,https://lifehopeandtruth.com/cache/images/10-Commandments-List_1_644_460_80.jpg
263,The Unpainted Woman,2,https://m.media-amazon.com/images/M/MV5BMWRmZTBjN2QtZDBhOC00OTM3LWIxMGUtMWMxYTcyNTE0NWRhXkEyXkFqcGdeQXVyNjA5MTAzODY@._V1_.jpg
264,Where Are My Children?,2,https://upload.wikimedia.org/wikipedia/commons/a/ac/Where_are_my_children_poster.jpg
265,Old Wives for New,2,https://upload.wikimedia.org/wikipedia/commons/5/56/Old_Wives_for_New_%281918%29_1.jpg
266,Camille,2,"https://m.media-amazon.com/images/I/61wxpEnUphL._AC_UF1000,1000_QL80_.jpg"
267,Flesh and the Devil,2,https://m.media-amazon.com/images/M/MV5BNWYzZjA1MWEtOGUxZi00ZjUxLTg0YTAtZGUxNDc2MmQxM2JjXkEyXkFqcGdeQXVyNjc0MzMzNjA@._V1_.jpg
268,The Girl in Number 29,2,https://upload.wikimedia.org/wikipedia/commons/f/f9/The_Girl_in_Number_29_FilmPoster.jpeg
269,A Sailor-Made Man,2,https://upload.wikimedia.org/wikipedia/commons/thumb/7/7d/A_Sailor-Made_Man_%281921%29_-_9.jpg/262px-A_Sailor-Made_Man_%281921%29_-_9.jpg
270,The Greatest Thing in Life,2,https://upload.wikimedia.org/wikipedia/commons/f/fe/Poster_of_the_movie_The_Greatest_Thing_in_Life.jpg
271,A Splendid Hazard,2,https://m.media-amazon.com/images/M/MV5BMDQ2M2I3MDktMjdhNC00YjRlLTg0NTctOGNjZDQ5ZGM1NmE3XkEyXkFqcGdeQXVyNjA5MTAzODY@._V1_.jpg
272,Greed,2,https://m.media-amazon.com/images/M/MV5BNDUzZDc3ZGYtOWZmNi00ZWIyLWE3YTYtNjRmZWZhMDNmNjhhXkEyXkFqcGdeQXVyOTgxNDIzMTY@._V1_.jpg
273,Scarlet Days,2,https://upload.wikimedia.org/wikipedia/commons/3/31/Scarlet_Days_1919.jpg
274,A Man's Fight,2,https://thumbs.dreamstime.com/b/two-men-fighting-16418574.jpg
275,For Heaven's Sake,2,https://m.media-amazon.com/images/M/MV5BN2M2ZjQ1OTEtMjRkNi00ZDBjLWFjYWQtY2JhMDU0Nzg3YjQ1XkEyXkFqcGdeQXVyNjc0MzMzNjA@._V1_.jpg
276,Sherlock Holmes,2,https://m.media-amazon.com/images/M/MV5BMTg0NjEwNjUxM15BMl5BanBnXkFtZTcwMzk0MjQ5Mg@@._V1_.jpg
277,Up and at 'Em,2,https://upload.wikimedia.org/wikipedia/commons/thumb/8/88/Up_and_at_%27Em_%281922%29_poster.png/1200px-Up_and_at_%27Em_%281922%29_poster.png
278,The Probation Wife,2,https://upload.wikimedia.org/wikipedia/commons/thumb/c/cf/The_Probation_Wife_poster.jpg/800px-The_Probation_Wife_poster.jpg
279,The Scarlet Drop,2,https://upload.wikimedia.org/wikipedia/commons/thumb/a/aa/The_Scarlet_Drop_1918.jpg/800px-The_Scarlet_Drop_1918.jpg
280,The Iron Horse,2,https://m.media-amazon.com/images/M/MV5BMGYwNjkxMmQtYzI1My00YzA4LTg2MGMtMjlmZjIzMWMwZDE1XkEyXkFqcGdeQXVyNjc1NTYyMjg@._V1_.jpg
281,One Week,2,"https://m.media-amazon.com/images/I/51joZzj2k3L._AC_UF1000,1000_QL80_.jpg"
282,Ella Cinders,2,https://upload.wikimedia.org/wikipedia/commons/3/30/Ella_cinders_poster.jpg
283,A Drunkard's Reformation,2,https://m.media-amazon.com/images/M/MV5BODIwNTAyZTktZjVhMi00NTA3LWJjMTQtNTQ0NzUzZDEwMzM2XkEyXkFqcGdeQXVyMzc1NTUwNjM@._V1_.jpg
284,Joan the Woman,2,https://upload.wikimedia.org/wikipedia/commons/9/99/Joan_the_Woman.jpg
285,Daddy-Long-Legs,2,https://live-production.wcms.abc-cdn.net.au/c5103617b2a3f598d0c7911d814aa79c?impolicy=wcms_crop_resize&cropH=1117&cropW=1985&xPos=0&yPos=434&width=862&height=485
286,Powers That Prey,2,https://i.ytimg.com/vi/PHtBYqFqZKo/maxresdefault.jpg
287,Happy Though Married,2,"https://m.media-amazon.com/images/I/61iLj2AShTL._AC_UF1000,1000_QL80_.jpg"
288,The Man Without a Country,2,https://m.media-amazon.com/images/I/41XeDV0lgHL.jpg
289,Rookies,2,https://upload.wikimedia.org/wikipedia/en/c/ce/Rookies_%28manga%29.jpg
290,"Love, Loot and Crash",2,https://m.media-amazon.com/images/M/MV5BYTc5ZGE4YjYtNWE3Ni00MzljLWI5MGItN2Y5NjQyYzRiY2MxXkEyXkFqcGdeQXVyNzU3NjUzNTc@._V1_.jpg
291,My Best Girl,2,https://upload.wikimedia.org/wikipedia/commons/8/8e/My_Best_Girl_%281927%29_Poster_HC_Miner.jpg
292,Manhattan Madness,2,https://upload.wikimedia.org/wikipedia/commons/e/e3/Manhattan_Madness_lobby_card.jpg
293,A Christmas Carol,2,https://m.media-amazon.com/images/M/MV5BMTM1MTI5ODU4MV5BMl5BanBnXkFtZTcwNTYyNTU4Mg@@._V1_FMjpg_UX1000_.jpg
294,Our Hospitality,2,https://m.media-amazon.com/images/M/MV5BNTNjZjYxMDQtMTViNi00NTg0LWFmZTYtNTdiMzUxZWU3ZTU2XkEyXkFqcGdeQXVyNDQzMDg4Nzk@._V1_.jpg
295,The Poor Little Rich Girl,2,https://upload.wikimedia.org/wikipedia/commons/a/a2/A_Poor_Little_Rich_Girl.jpg
296,Wizard of Oz,2,"https://images.fathomevents.com/image/upload/w_1200,dpr_2,f_auto,q_auto/v1700170786/Events/2024/1871/FBSC_Wizard_of_Oz_2024_1000x1480_FE_Website.jpg.jpg"
297,The Masquerader,2,https://m.media-amazon.com/images/M/MV5BN2Y1OTY1YTktMjYzZC00MGZlLWI3YmItYTJkZGIzMzE0ZTljL2ltYWdlL2ltYWdlXkEyXkFqcGdeQXVyMjUxODE0MDY@._V1_.jpg
298,Work,2,https://asset.gallup.com/p/WORKPLACEV9CMS/49821ce7-b62a-4bcb-9013-0a21bed58ed5.jpg
299,Children of Divorce,2,https://www.verywellfamily.com/thmb/VQmS9nkcEy79b1bthhLcakaRZU8=/1500x0/filters:no_upscale():max_bytes(150000):strip_icc()/psychological-effects-of-divorce-on-kids-4140170-ca194df0da7d41cd923ea366f83b6433-6aadfa1f573d4999b2ba5c6e95edb2ed.jpg
300,The Eyes of Mystery,2,https://im.indiatimes.in/content/2014/Dec/1562689_1437680730.jpg?w=600&h=450&cc=1
301,A Modern Musketeer,2,https://upload.wikimedia.org/wikipedia/commons/9/9d/A_Modern_Musketeer_poster.jpg
302,Convict 13,2,https://upload.wikimedia.org/wikipedia/commons/thumb/9/9a/Keaton_Convict_13_1920.jpg/1200px-Keaton_Convict_13_1920.jpg
303,The Black Pirate,2,https://marypickford.org/wp-content/uploads/1926/11/The-Black-Pirate1.jpg
304,Golden Rule Kate,2,https://upload.wikimedia.org/wikipedia/commons/1/12/Golden_Rule_Kate_%281917%29_1.jpg
305,The Electric House,2,https://upload.wikimedia.org/wikipedia/commons/6/66/The_Electric_House_1921.jpg
306,A Society Exile,2,https://upload.wikimedia.org/wikipedia/commons/6/69/A_Society_Exile_%281919%29_-_Ad.jpg
307,The Show,2,"https://m.media-amazon.com/images/I/A1FGO6GsawL._UF1000,1000_QL80_.jpg"
308,The Little Princess,2,https://m.media-amazon.com/images/M/MV5BZDQzMGE5ODYtZDdiNC00MzZjLTg2NjAtZTk0ODlkYmY4MTQzXkEyXkFqcGdeQXVyMTQxNzMzNDI@._V1_.jpg
309,The Immigrant,2,https://m.media-amazon.com/images/M/MV5BNjQ2OTAyNTUzNl5BMl5BanBnXkFtZTgwMTkxNzA2MTE@._V1_.jpg
310,Civilization,2,https://cdn.2kgames.com/civilization.com/Beginners_Civ_hero.jpg
311,For the Love of Mike,2,https://m.media-amazon.com/images/M/MV5BNDU4MDFjNDYtM2UwYy00ZWQ1LWFmMjYtOTg0YTdmMWY0ZjYyXkEyXkFqcGdeQXVyNDY1NzU5NjY@._V1_.jpg
312,Safety Last!,2,https://s3.amazonaws.com/criterion-production/films/96a2f214d42c91852a870d66be2caeb1/HKCtBxvj7OupJI4BrQJD7APR0bIpN4_large.jpg
313,Soldiers of Fortune,2,https://m.media-amazon.com/images/M/MV5BMjIyNzgzNDA1Nl5BMl5BanBnXkFtZTcwOTEyNjM5Nw@@._V1_.jpg
314,The Family Secret,2,https://images-na.ssl-images-amazon.com/images/S/compressed.photo.goodreads.com/books/1673450506i/75738145.jpg
315,The White Sister,2,https://upload.wikimedia.org/wikipedia/commons/6/6f/White_Sister_lobby_card.jpg
316,The College Hero,2,https://upload.wikimedia.org/wikipedia/commons/thumb/8/88/The_College_Hero_%28SAYRE_14023%29.jpg/1200px-The_College_Hero_%28SAYRE_14023%29.jpg
317,The Four Horsemen of the Apocalypse,2,https://upload.wikimedia.org/wikipedia/commons/e/e1/Apocalypse_vasnetsov.jpg
318,The Sea Lion,2,https://www.fisheries.noaa.gov/s3/styles/original/s3/2023-03/1500x1000-Seals-SeaLions-Infographic-edit.png?itok=L-3aZ88v
319,An Arcadian Maid,2,https://upload.wikimedia.org/wikipedia/commons/f/f9/An_arcadian_maid_%281910%29.jpg
320,The Craving,2,https://m.media-amazon.com/images/M/MV5BMTg5NDk0ODY0MF5BMl5BanBnXkFtZTcwNDA1MDk1Mg@@._V1_.jpg
321,The Cook,2,https://m.media-amazon.com/images/M/MV5BMjE0Nzc3NzYyM15BMl5BanBnXkFtZTcwNjA1MTU2MQ@@._V1_.jpg
322,The Big Parade,2,https://upload.wikimedia.org/wikipedia/commons/2/28/The_Big_Parade_%281925%29_poster.jpg
323,The Dark Angel,2,https://images-na.ssl-images-amazon.com/images/S/compressed.photo.goodreads.com/books/1330303462i/92717.jpg
324,The Boat,2,https://m.media-amazon.com/images/M/MV5BMjA5MDQ1MTc5Ml5BMl5BanBnXkFtZTgwNTk5MjAzNjM@._V1_.jpg
325,Something to Think About,2,http://assets.libsyn.com/content/21281656
326,Pollyanna,2,https://lumiere-a.akamaihd.net/v1/images/open-uri20150422-12561-90v1dg_f6b111bf.jpeg
327,The Exquisite Thief,2,https://www.filmlinc.org/wp-content/uploads/2023/02/The-Exquisite-Thief-1-1600x900-c-default.jpg
328,A Day's Pleasure,2,https://upload.wikimedia.org/wikipedia/commons/8/8e/CC_Day%27s_Pleasure_1919.jpg
329,The Goddess of Lost Lake,2,https://upload.wikimedia.org/wikipedia/commons/thumb/2/28/The_Goddess_of_Lost_Lake_Louise_Glaum_1918.png/220px-The_Goddess_of_Lost_Lake_Louise_Glaum_1918.png
330,The Lucky Dog,2,https://upload.wikimedia.org/wikipedia/commons/thumb/2/22/Laurel_and_Hardy_in_Lucky_Dog.jpg/1200px-Laurel_and_Hardy_in_Lucky_Dog.jpg
331,The Black Arrow: A Tale of the Two Roses,2,https://www.gutenberg.org/cache/epub/32954/pg32954.cover.medium.jpg
332,The Call of the Wild,2,https://m.media-amazon.com/images/M/MV5BZDA1ZmQ2OGMtZDhkMC00ZjRkLWE3ZTMtMzA5ZTk0YjM1OGRmXkEyXkFqcGdeQXVyNzI1NzMxNzM@._V1_.jpg
333,The Adventures of Dollie,2,https://i.ytimg.com/vi/Xe4aue2uyG8/maxresdefault.jpg
334,Lights of New York,2,https://upload.wikimedia.org/wikipedia/commons/thumb/1/12/Lightsofnew.jpg/220px-Lightsofnew.jpg
335,Sex,2,https://media.cntraveler.com/photos/64c3fb71f7237fbe2b8a4a0a/16:9/w_2560%2Cc_limit/Long-Distance%2520Sex%2520Toys_gwen-mamanoleas-N2ZsTxVBIN4-unsplash.jpg
336,The Temptress,2,https://m.media-amazon.com/images/M/MV5BMjhkMzNjMDctYmYzNS00NWViLTkwODMtMTcxNzYxMGFmNTRlXkEyXkFqcGdeQXVyNjA5MTAzODY@._V1_FMjpg_UX1000_.jpg
337,Phantom of the Opera,2,https://variety.com/wp-content/uploads/2023/04/phantom.jpg?w=1000
338,Cleopatra,2,https://upload.wikimedia.org/wikipedia/commons/3/3e/Kleopatra-VII.-Altes-Museum-Berlin1.jpg
339,Salomé,2,https://upload.wikimedia.org/wikipedia/commons/4/43/Regnault%2C_Henri%2C_Salom%C3%A9.jpg
340,The Turn in the Road,2,https://www.shutterstock.com/image-vector/segment-asphalt-road-traffic-sign-260nw-1049220752.jpg
341,Souls in Pawn,2,https://upload.wikimedia.org/wikipedia/en/c/c4/Souls_in_Pawn_%281940_film%29.jpg
342,The Little American,2,https://upload.wikimedia.org/wikipedia/commons/d/d1/The_Little_American_1917.jpg
343,Across the Pacific,2,https://m.media-amazon.com/images/M/MV5BNDRlYTkwMWQtMGVkMi00MTEzLWEwNzAtMWVhYTVhOWEyNGVmXkEyXkFqcGdeQXVyNDY2MTk1ODk@._V1_.jpg
344,Cecilia of the Pink Roses,2,https://upload.wikimedia.org/wikipedia/commons/c/ce/Cecilia_of_the_Pink_Roses_poster.jpg
345,Looking for Trouble,2,https://www.faber.co.uk/wp-content/uploads/2022/09/Looking-for-Trouble-2.jpg
346,The Exquisite Sinner,2,https://upload.wikimedia.org/wikipedia/commons/4/4c/Exquisite_Sinner_Publicity_Advertisement.jpg
347,The Heart of Humanity,2,https://m.media-amazon.com/images/M/MV5BZDZhYTVlMGUtMTViMS00MGJjLWJkMTQtOTNkMTBlMTljZGZlXkEyXkFqcGdeQXVyNjA5MTAzODY@._V1_.jpg
348,Blood and Sand,2,https://www.liquor.com/thmb/RFXLLHRx6TpAwaJRuon7HHb4GYU=/1500x0/filters:no_upscale():max_bytes(150000):strip_icc()/blood-and-sand-720x720-primary-a27c8e8da61b410facde9292b600d908.jpg
349,The Champion,2,https://occ-0-2794-2219.1.nflxso.net/dnm/api/v6/LmEnxtiAuzezXBjYXPuDgfZ4zZQ/AAAABS_K1m--k6_XrKPQqUPX7VuV2gKNbejV6LlOA8RHG4oSqa1XypLkMg0f-uAWxbp71J_2d4bWywc-VQ0LmZ-e2_F01D6iqMdN5OhmRBNBHaWK.png?r=aee
350,Oh Doctor!,2,https://upload.wikimedia.org/wikipedia/en/thumb/c/ce/Oh%2C_Doctor_poster.jpg/220px-Oh%2C_Doctor_poster.jpg
351,The Musketeers of Pig Alley,2,https://m.media-amazon.com/images/M/MV5BODZkMjYwYWItZTk4Mi00NmU3LThhMzUtODFkOTI5ZGVmNGIzXkEyXkFqcGdeQXVyMzg1ODEwNQ@@._V1_.jpg
352,Enoch Arden,2,https://upload.wikimedia.org/wikipedia/commons/6/6f/English_Illustration_-_The_Sixties_p236.png
353,You're Fired,2,"https://ih1.redbubble.net/image.1837781125.1758/bg,f8f8f8-flat,750x,075,f-pad,750x1000,f8f8f8.jpg"
354,Baseball and Bloomers,2,https://www.historycolorado.org/sites/default/files/media/images/2018/Boston%20National%20Bloomer%20Girs%27s%20Base%20Ball%20Club_1890.jpg
355,Lady Windermere's Fan,2,https://m.media-amazon.com/images/M/MV5BNTk4ODIyMDY4MV5BMl5BanBnXkFtZTgwODQzOTE3MjE@._V1_FMjpg_UX1000_.jpg
356,Hulda from Holland,2,https://m.media-amazon.com/images/M/MV5BMDc5YWQxYjQtNGFkMC00M2VhLWFhNjYtNzVmMzFiZGFkYjc2XkEyXkFqcGdeQXVyNDY1NzU5NjY@._V1_.jpg
357,Stella Maris,2,https://upload.wikimedia.org/wikipedia/commons/e/eb/Stmaris.gif
358,How Brown Saw the Baseball Game,2,https://upload.wikimedia.org/wikipedia/commons/thumb/1/1d/Siegmund_Lubin_in_1913.jpg/170px-Siegmund_Lubin_in_1913.jpg
359,Haunted Spooks,2,https://m.media-amazon.com/images/M/MV5BYzQyM2UxYWYtMDRkOC00ZmU1LTg0ZGQtNzQ2NmVhZDU3ZDc1XkEyXkFqcGdeQXVyMjUxODE0MDY@._V1_.jpg
360,Easy Street,2,https://m.media-amazon.com/images/M/MV5BZWRkMWEyMjQtM2Q1MC00ZDBiLWJjYTItOWRiYzMyMTdkYjQ1XkEyXkFqcGdeQXVyNjUwMzI2NzU@._V1_.jpg
361,Anna Karenina,2,https://m.media-amazon.com/images/M/MV5BMTU0NDgxNDg0NV5BMl5BanBnXkFtZTcwMjE4MzkwOA@@._V1_.jpg
362,What Price Glory?,2,https://m.media-amazon.com/images/M/MV5BNDZmMTdjZTYtMjdmYi00Yzc0LThkYWUtNjVmZWYwYjcyYWRlXkEyXkFqcGdeQXVyNjc1NTYyMjg@._V1_.jpg
363,Ask Father,2,https://m.media-amazon.com/images/M/MV5BMDBiZjdlZDgtY2E3Zi00MTJjLWE3MWEtZmM0YzMxMGU5ZTdmXkEyXkFqcGdeQXVyNDUzNzExOTE@._V1_.jpg
364,Go West,2,https://upload.wikimedia.org/wikipedia/commons/b/b6/Go-west-san-francisco-np.png
365,The Scar of Shame,2,https://m.media-amazon.com/images/M/MV5BNjFlNDQ4ZTktM2E3MC00MWI3LTliNzktNzJiNDI1ZTljOTVlXkEyXkFqcGdeQXVyNDY3MTQwMzk@._V1_.jpg
366,Chambers Rosewood Vineyards NV Rare Muscat (Rutherglen),3,https://images.squarespace-cdn.com/content/v1/622fea04b689de11fdc24737/1650337664935-XEKHWENP46FJGW8H7MQ8/chambers-rutherglen-rare-muscat.jpg?format=1000w
367,Ceretto 2003 Bricco Rocche Brunate  (Barolo),3,https://www.wine-searcher.com/images/labels/41/57/11504157.jpg
368,Le Riche 2003 Cabernet Sauvignon Reserve Cabernet Sauvignon (Stellenbosch),3,"https://www.wine-searcher.com/images/labels/68/36/11526836.jpg?width=260&height=260&fit=bounds&canvas=260,260"
369,Arbor Crest 2004 Cabernet Sauvignon (Columbia Valley (WA)),3,https://www.wine-searcher.com/images/labels/64/12/10256412.jpg
370,Waters Crest 2010 Grand Vin Merlot (North Fork of Long Island),3,"https://www.wine-searcher.com/images/labels/30/20/10443020.jpg?width=260&height=260&fit=bounds&canvas=260,260"
371,Silvan Ridge 2006 Reserve Pinot Noir (Willamette Valley),3,"https://www.wine.com/product/images/w_600,h_600,dpr_2.0,c_fit,q_auto:good,fl_progressive/22706_refDetail-0.jpg"
372,Merry Edwards 2013 Flax Vineyard Pinot Noir (Russian River Valley),3,https://media.licdn.com/dms/image/C5612AQGqWN17RoNmyw/article-cover_image-shrink_600_2000/0/1520195331459?e=2147483647&v=beta&t=0E1UjEgIZlvGIR8bicL2cjChV2MB8TiWATPk8LxP5Ig
373,Convento San Francisco 2006  Ribera del Duero,3,https://www.viscountwines.com/images/labels/bodega-convento-san-francisco-ribera-del-duero.gif
374,Blanco Nieva 2006 Sauvignon Blanc (Rueda),3,https://www.delduerowines.com/cdn/shop/files/Ossian_Quintaluna_verdejo.jpg?v=1683353566&width=1946
375,Carlos Basso 2006 Dos Fincas Cabernet Sauvignon-Merlot (Uco Valley),3,https://www.wineenthusiast.com/wp-content/assets/reviews/label-images/wine/wine/440484_235_FEBMAR24.JPG
376,Château Siffle Merle 2012 Cuvée Prestige  (Blaye Côtes de Bordeaux),3,"https://www.wine-searcher.com/images/labels/80/31/10598031.jpg?width=260&height=260&fit=bounds&canvas=260,260"
377,Claiborne & Churchill 2014 Twin Creeks Estate Pinot Noir (Edna Valley),3,"https://www.wine.com/product/images/w_767,c_fit,q_auto:good,fl_progressive/61eac51d-ce7c-41eb-baf2-68764321e860-0.jpg"
378,De Martino 1999 Reserva de la Familia Carmenère (Maipo Valley),3,https://www.astorwines.com/images/items/48767.jpg
379,Clos La Chance 2013 Reserve Grenache (Central Coast),3,https://www.clos.com/assets/client/Image/CLC_CabSauv_reserve_glam2.jpg
380,J. Davies 2012 Jamie Cabernet Sauvignon (Diamond Mountain District),3,https://www.wineenthusiast.com/wp-content/assets/reviews/label-images/wine/wine/237820_37be_oct16_3700.jpg
381,Tilia 2011 Malbec (Mendoza),3,https://avon.bottlestop.com/images/labels/tilia-malbec-mendoza.gif
382,Domaine de la Terre Rouge 2008 Ascent Syrah (Sierra Foothills),3,"https://www.wine-searcher.com/images/labels/74/07/10117407.jpg?width=260&height=260&fit=bounds&canvas=260,260"
383,Domaine Zind-Humbrecht 2015 Clos Saint Urbain Rangen de Thann Grand Cru Pinot Gris (Alsace),3,https://www.zindhumbrecht.fr/948-coffret_large/pinot-gris-rangen-de-thann-clos-saint-urbain-grand-cru-2021.jpg
384,Krutz 2011 Soberanes Vineyard Pinot Noir (Santa Lucia Highlands),3,https://www.krutzfamilycellars.com/assets/images/wines/originals/2021PNSV-B2.png
385,Kanonkop 2008 Paul Sauer Red (Simonsberg-Stellenbosch),3,https://www.kenswineguide.com/images_wine/Kanonkop-2008-Paul-Sauer.gif
386,Taittinger 2006 Comtes de Champagne Brut Rosé  (Champagne),3,"https://www.wine-searcher.com/images/labels/72/75/11417275.jpg?width=260&height=260&fit=bounds&canvas=260,260"
387,Seia 2005 Alder Creek Vineyard Syrah (Horse Heaven Hills),3,https://caninesandcabernet.files.wordpress.com/2010/04/083.jpg
388,Château Vignelaure 2014 Rosé (Coteaux d'Aix-en-Provence),3,https://images.vivino.com/thumbs/nODbD84wSeuUpDdQraKhsQ_pb_x600.png
389,Bodkin 2014 The Victor's Spoils Sauvignon Blanc (North Coast),3,https://www.wineenthusiast.com/wp-content/assets/reviews/label-images/wine/wine/212559_70be_aug15_3560.jpg
390,Merryvale 1998 Cabernet Sauvignon (Napa Valley),3,https://cdn.ct-static.com/labels/f3b392e4-0a08-4fca-839b-9eecf195a730.jpg
391,Château Bélair-Monange 2014  Saint-Émilion,3,http://www.mywineplus.com/cdn/shop/products/mywineplus.com-Chateau-Belair-Monange-2014-Saint-Emilion-Grand-Cru-Bordeaux-France.jpg?v=1653684087
392,Apolloni 2006 Estate Reserve Pinot Noir (Willamette Valley),3,"https://www.wine-searcher.com/images/labels/51/51/10255151.jpg?width=260&height=260&fit=bounds&canvas=260,260"
393,Pulenta Estate 2008 La Flor Malbec (Mendoza),3,"https://empirewine.imgix.net/item-hqid/12886.jpg?auto=format,compress&fit=max&fill-color=FFFFFF&pad=20&h=600&w=600"
394,Leonetti Cellar 2010 Reserve Red (Walla Walla Valley (WA)),3,https://freerangebrooklyn.com/wp-content/uploads/2010-leonetti-sangiovese-walla-scaled.jpg
395,David Fulton 2008 Petite Sirah (St. Helena),3,https://cdn.ct-static.com/labels/df940384-2b4c-41ce-9eed-5f69ab77dc6a.jpg
396,Carlisle 2013 Pagani Ranch Zinfandel (Sonoma Valley),3,https://cdn.ct-static.com/labels/23600db4-bedd-4a1e-8523-06aa9e3eda48.jpg
397,Walla Walla Vintners 2005 Sagemoor Vineyard Cabernet Sauvignon (Columbia Valley (WA)),3,https://cdn.ct-static.com/labels/4eed0b1c-1f98-42aa-8c4c-3bd3b3964d29.jpg
398,Reyneke 2013 Reserve Sauvignon Blanc (Stellenbosch),3,https://wandercurtis.files.wordpress.com/2022/12/reyneke-01.jpg?w=604
399,Bell 2009 Clone 6 Cabernet Sauvignon (Rutherford),3,https://www.wine-searcher.com/images/labels/16/08/10151608.jpg
400,Ventisquero 2013 Enclave Cabernet Sauvignon (Maipo Valley),3,https://winesnobblog.files.wordpress.com/2023/01/2013_ventisqueroenclave_01.jpg
401,Corison 2006 Kronos Vineyard Cabernet Sauvignon (St. Helena),3,"https://www.wine-searcher.com/images/labels/49/01/11564901.jpg?width=260&height=260&fit=bounds&canvas=260,260"
402,"Monte De Oro 2006 Reserve, Vista del Monte Vineyard Syrah (Temecula Valley)",3,"https://www.wine-searcher.com/images/labels/43/83/10444383.jpg?width=260&height=260&fit=bounds&canvas=260,260"
403,Brick House 2012 Les Dijonnais Pinot Noir (Ribbon Ridge),3,"https://www.wine-searcher.com/images/labels/72/61/11087261.jpg?width=260&height=260&fit=bounds&canvas=260,260"
404,Lamborn Family Vineyards 2008 Vintage VI Cabernet Sauvignon (Howell Mountain),3,https://cdn.ct-static.com/labels/4b315ad6-6daf-4ddc-b2e4-a4e7701ca1ad.jpg
405,Domaine Zind-Humbrecht 2015 Clos Saint Urbain Rangen de Thann Grand Cru Gewurztraminer (Alsace),3,https://cdn.klwines.com/images/skus/1529304x.jpg
406,Biecher & Schaal 2014 Altenberg de Bergheim Grand Cru White (Alsace),3,https://cdn.ct-static.com/labels/d2e197d6-13f5-479d-b6bb-97634e202e99.jpg
407,Sokol Blosser 2015 Pinot Gris (Willamette Valley),3,https://shop.sokolblosser.com/assets/images/products/pictures/DPG-web.png
408,Marqués de Cáceres 2006 Blanco Fermentado en Barrica White (Rioja),3,"https://www.wine-searcher.com/images/labels/25/35/11422535.jpg?width=260&height=260&fit=bounds&canvas=260,260"
409,Z. Alexander Brown 2013 Limited Release Cabernet Sauvignon (Napa Valley),3,"https://www.totalwine.com/dynamic/x1000,sq/media/sys_master/twmmedia/h28/h7e/28495695118366.png"
410,Kunde 2004 Syrah (Sonoma Valley),3,https://www.wineenthusiast.com/wp-content/assets/reviews/label-images/wine/wine/83155_16B_20551_080108.jpg
411,De Toren 2013 Z Red (Stellenbosch),3,https://detoren-cdn.b-cdn.net/wp-content/uploads/2021/01/de-toren-edition-z-556x1603-1.png
412,Torbreck 2010 The Factor Shiraz (Barossa Valley),3,https://vintmarketplace.com/wp-content/uploads/2023/06/150158_square.jpg
413,Cono Sur 2008 Visión Pinot Noir (Colchagua Valley),3,https://www.wineenthusiast.com/wp-content/assets/reviews/label-images/wine/wine/116893_25BBE_2707_020111.jpg
414,Stift Klosterneuburg 2014 Ausstich St. Laurent (Thermenregion),3,"https://www.wine-searcher.com/images/labels/97/01/10819701.jpg?width=260&height=260&fit=bounds&canvas=260,260"
415,Ebner-Ebenauer 2015 Bürsting Grüner Veltliner (Niederösterreich),3,https://www.jancisrobinson.com/jancis-public/styles/article_teaser_medium_image/public/legacy/images/articles/achleiten_by_gt-4.jpg
416,Beaver Creek 2008 Fairytale Red (Napa Valley),3,http://www.napareserva.com/wp-content/uploads/2014/03/Beaver-Creek-Fairytale-Napa-Valley-2008.jpg
417,Pascual Toso 2007 Reserve Las Barrancas Vineyards Cabernet Sauvignon (Mendoza),3,"https://www.wine-searcher.com/images/labels/57/38/10095738.jpg?width=260&height=260&fit=bounds&canvas=260,260"
418,Fetzer 1998 Bien Nacido Vyd Reserve Pinot Noir (Santa Barbara County),3,"https://www.wine-searcher.com/images/labels/86/85/10938685.jpg?width=260&height=260&fit=bounds&canvas=260,260"
419,Bridlewood 1998 Winners Circle Syrah (Central Coast),3,https://www.winebid.com/Photo/Medium/182190
420,Domaine Cazes 1996 Ambré Grenache Blanc (Rivesaltes),3,https://images.vivino.com/thumbs/St9xucMdQHGBENemWoxiBg_pb_x600.png
421,Tahbilk 2009 Museum Release Marsanne (Nagambie Lakes),3,https://shop.sgwinemart.com/cdn/shop/products/au1414117_c3a6604b-08e9-4733-be72-1faf8a378809_1800x.png?v=1674212276
422,Alphonse Mellot 2014 En Grands Champs  (Sancerre),3,https://images.jjbuckley.com/Vintage/271486/thumb_463x1162_2014-218316-1500.jpg
423,Altavins 2009 Tempus Red (Terra Alta),3,"https://www.totalwine.com/dynamic/x1000,sq/media/sys_master/twmmedia/hac/h20/10791453360158.png"
424,Markus Huber 2016 Terrassen Grüner Veltliner (Traisental),3,http://www.weingut-huber.at/huber/site/uploads/2015/06/gv_terrassen-300x1000.jpg
425,Lineage 2007 Red (Livermore Valley),3,https://theagencyorange.com/wp-content/uploads/2020/05/Thumbnail__WINE-Linage-Labell.jpg
426,Le Fraghe 2016  Bardolino,3,https://images.vivino.com/thumbs/s9g2JOodQgufd5vjXfZI2A_pb_600x600.png
427,Château Cantelys 2007  Pessac-Léognan,3,"https://www.wine-searcher.com/images/labels/21/64/11422164.jpg?width=260&height=260&fit=bounds&canvas=260,260"
428,TerraMater 2006 Unusual Cabernet-Shiraz-Zinfandel Red (Maipo Valley),3,https://vi.wine/storage/products/jpg/te/terramater_unusual_cabernet_shiraz_zinfandel_2006.jpg
429,Oremus 2005 Eszencia  (Tokaji),3,https://images.vivino.com/thumbs/_VYRnv4XTfCVEXlvhYw4AA_pb_x600.png
430,Mosolo Gleni 2006 Pinot Grigio Pinot Grigio (Colli Orientali del Friuli),3,https://cdn.ct-static.com/labels/7a10dced-dac0-4d07-b281-fcf87064dccf.jpg
431,Bouchard Aîné & Fils 2005  Echézeaux,3,https://cdn.ct-static.com/labels/bbac10eb-d2ec-4c91-a8b4-97e2fb65d9de.jpg
432,Greywacke 2013 Sauvignon Blanc (Marlborough),3,"https://www.wine-searcher.com/images/labels/15/89/11671589.jpg?width=260&height=260&fit=bounds&canvas=260,260"
433,Mas de Cadenet 2015 Mas Negrel Cadenet Rosé (Côtes de Provence Sainte-Victoire),3,https://www.wine-searcher.com/images/labels/12/41/11621241.jpg
434,Apaltagua 2007 Envero Gran Reserva Carmenère (Colchagua Valley),3,"https://www.wine-searcher.com/images/labels/23/25/10092325.jpg?width=260&height=260&fit=bounds&canvas=260,260"
435,Shafer 2008 Hillside Select Cabernet Sauvignon (Stags Leap District),3,"https://www.wine.com/product/images/w_600,h_600,dpr_2.0,c_fit,q_auto:good,fl_progressive/lhyej2217wqhbux6h9du.jpg"
436,K Vintners 2009 The Beautiful Syrah (Walla Walla Valley (WA)),3,https://cdn.ct-static.com/labels/7fa43c9c-1a27-4f86-98f0-1070184f63b5.jpg
437,Ken Wright 2012 Pinot Noir (Willamette Valley),3,"https://www.wine-searcher.com/images/labels/80/41/11218041.jpg?width=260&height=260&fit=bounds&canvas=260,260"
438,Viña Cobos 2007 Felino Cabernet Sauvignon (Mendoza),3,https://images.vivino.com/thumbs/5mKN45S6QlimXxqqsmZOng_pl_375x500.png
439,Viña Bisquertt 2007 Casa La Joya Reserve Merlot (Colchagua Valley),3,"https://www.wine-searcher.com/images/labels/57/20/10515720.jpg?width=260&height=260&fit=bounds&canvas=260,260"
440,The Four Graces 2005 Black Family Estate Pinot Noir (Dundee Hills),3,https://www.thefourgraces.com/wp-content/uploads/sites/20/2023/03/TFG_PinotNoir_480x720.png?w=480
441,Quinta do Monte Xisto 2013 Red (Douro),3,https://portugalgetwine.com/3155-thickbox_default/quinta-do-monte-xisto-red-wine.jpg
442,Pursued by Bear 2012 Cabernet Sauvignon (Columbia Valley (WA)),3,https://www.wineenthusiast.com/wp-content/assets/reviews/label-images/wine/wine/236759_140be_july16_3670.jpg
443,Château Lagrézette 2013 Paragon Terroir de Massaut Malbec (Cahors),3,"https://www.wine-searcher.com/images/labels/82/44/11158244.jpg?width=260&height=260&fit=bounds&canvas=260,260"
444,Fire Block 2004 Old Vine Shiraz (Clare Valley),3,"https://www.wine-searcher.com/images/labels/10/21/10111021.jpg?width=260&height=260&fit=bounds&canvas=260,260"
445,Domaine de Fondrèche 2009 Persia Red (Ventoux),3,https://www.infinivin.com/5175-thickbox_default/domaine-de-fondreche-persia-red-wine.jpg
446,Shafer 2015 Red Shoulder Ranch Chardonnay (Carneros),3,"https://www.wine.com/product/images/w_600,h_600,dpr_2.0,c_fit,q_auto:good,fl_progressive/xaj1m76ixgsvhjjc0ua7.jpg"
447,Luigi Bosca 2004 Gala 2 Red (Mendoza),3,"https://www.wine-searcher.com/images/labels/14/98/11611498.jpg?width=260&height=260&fit=bounds&canvas=260,260"
448,Domaine Marcel Deiss 2012 Schoenenbourg Grand Cru White (Alsace),3,https://winedecoded.com.au/wp-content/uploads/2021/04/Domaine-Marcel-Deiss-Grand-Cru-Schoenenbourg-2012-by-Paul-Kaan-for-Wine-Decoded.jpeg
449,Walla Walla Vintners 2012 Cut Bank Estate Vottavo Red (Walla Walla Valley (WA)),3,https://cdn.ct-static.com/labels/898ec143-245c-4564-8111-1ce74e02986a.jpg
450,Beringer 1996 Private Reserve Cabernet Sauvignon (Napa Valley),3,https://cdn.ct-static.com/labels/861b8363-03cb-4632-86b2-9f21362431ed.jpg
451,Nino Negri 2013 5 Stelle  (Sforzato di Valtellina),3,https://www.wineenthusiast.com/wp-content/assets/reviews/label-images/wine/wine/244347_16cs_dectopcs17_3840.jpg
452,G D Vajra 2006 Bricco delle Viole  (Barolo),3,https://cdn.ct-static.com/labels/03e2ce82-ca1e-4f3d-8ba1-3441fc4fdd41.jpg
453,Domaine Zind-Humbrecht 2007 Wintzheim Gewurztraminer (Alsace),3,https://i8.amplience.net/i/wineenthusiast/28080015X_1?$600x600$&fmt=auto
454,Passing Time 2013 Cabernet Sauvignon (Horse Heaven Hills),3,https://images.squarespace-cdn.com/content/v1/5535bddae4b0a7f8545909c5/d705c5c7-5670-4358-8e68-bc2ca01e36c4/Passing+Time+Vertical+Tasting+May+2023.jpeg
455,Château des Jacques 2015 Côte du Py  (Morgon),3,https://www.idealwine.com/fr/images/photos_ventes/large/B2701770_67.jpg
456,Gershon Bachus 2009 Erato De Portola Trail Vineyard Cabernet Franc (Temecula Valley),3,https://cdn.ct-static.com/labels/875f6c1e-3b3b-4c59-913c-6995ae1e3483.jpg
457,Maison Jessiaume 2006  Clos de Vougeot,3,https://cdn.ct-static.com/labels/231198d9-575f-43e6-b3df-af18cbc3417c.jpg
458,Illuminati Dino 2010 Pieluni Riserva  (Montepulciano d'Abruzzo Colline Teramane),3,https://images.vivino.com/thumbs/F8mnMZUSRqeymjuZfzyBCw_pb_x600.png
459,Graham Beck 2007 The William Red (Coastal Region),3,https://www.b-21.com/labels/live/LRUMDIPLLE.jpg
460,Errazuriz 2006 La Cumbre Shiraz (Aconcagua Valley),3,https://cdn.ct-static.com/labels/f7dcb83e-da3b-445c-ab20-d909998c3147.jpg
461,Bodega Norton 2010 Privada Red (Mendoza),3,"https://www.wine.com/product/images/w_600,h_600,dpr_2.0,c_fit,q_auto:good,fl_progressive/121952fbs.jpg"
462,Casa Julia 2001 Reserve Cabernet Sauvignon (Maipo Valley),3,https://www.astorwines.com/images/items/21795.jpg
463,Rex Hill 2015 Pinot Noir Rosé (Willamette Valley),3,https://rexhill.com/wp-content/uploads/2020/12/valls_AZRexHill_spark_duo_alt2.jpg
464,Woodinville Wine Cellars 2005 Little Bear Creek Red Wine Red (Columbia Valley (WA)),3,https://blogger.googleusercontent.com/img/b/R29vZ2xl/AVvXsEhCMEt89mDuG1ixyFTBauzoGL6MOwdheXeFdPfYyELoEIngjnHLdOgWNu5r68hJzHFw-sprBajZEdZlyL5D-mESN5yR3LmMjZx0foKRm_ZMFXtGLjy8D49FeeFdLQI5PA0rIdI0Z7PgoBZanTw-_SaRfNRyOOOICG62X9Ev95AKZHi3zRYKJ4DeO2JDdQ/s2520/Slightglass%20Cellars.jpg
465,Retro 2009 Petite Sirah (Napa Valley),3,https://sothebys-md.brightspotcdn.com/dims4/default/cc0a88c/2147483647/strip/true/crop/477x600+0+0/resize/1024x1288!/quality/90/?url=http%3A%2F%2Fsothebys-brightspot.s3.amazonaws.com%2Fmedia-desk%2Fd4%2Fa3%2F6f1b127948a59754c799e5f47d95%2F202-arataswine-1-600.jpg
466,Salentein 2005 Reserve Malbec (Uco Valley),3,https://cdn.ct-static.com/labels/7eda5535-199b-4690-a7cd-397eabc95027.jpg
467,Le Cadeau 2011 Blanc de Noir Sparkling (Oregon),3,https://www.lecadeauvineyard.com/assets/images/products/pictures/LC11SPNBDN-JQLEEM.jpg
468,Forefathers 2004 Cabernet Sauvignon (Alexander Valley),3,https://silveroak.com/wp-content/uploads/2020/03/label-2004-alexander-valley-650x650.png
469,Sokol Blosser 2013 Goosepen Block Pinot Noir (Dundee Hills),3,https://images.vivino.com/thumbs/_Nv6yEhnTjiNPCSjCtwYjg_pb_x600.png
470,Domaine Serene 2010 Evenstad Reserve Pinot Noir (Willamette Valley),3,https://cdn.klwines.com/images/skus/1143872x.jpg
471,Rizzi 2007 Nervo Fondetta  (Barbaresco),3,https://www.wineilvino.it/wp-content/uploads/2018/01/Barbaresco-Nervo-Rizzi.jpg
472,Hall 2010 Cabernet Sauvignon (Stags Leap District),3,https://www.wine-searcher.com/images/labels/00/79/10580079.jpg
473,Errazuriz 2006 Don Maximiano Founder's Reserva Red (Aconcagua Valley),3,https://www.wine-searcher.com/images/labels/25/95/10462595.jpg
474,J. Christopher 2011 Bella Vida Vineyard Unfiltered Pinot Noir (Dundee Hills),3,"https://www.wine-searcher.com/images/labels/15/95/10741595.jpg?width=260&height=260&fit=bounds&canvas=260,260"
475,Beringer 2007 Private Reserve Cabernet Sauvignon (Napa Valley),3,https://cdn.ct-static.com/labels/a780cbcd-e21a-4016-8111-606b8bcf5775.jpg
476,Gordon Brothers 2004 Tradition Red (Columbia Valley (WA)),3,https://www.thepreismans.com/Images/china/menus/china_menus_IMG_3932.jpg
477,Kazmer & Blaise 2009 Primo's Hill Pinot Noir (Carneros),3,"https://www.wine-searcher.com/images/labels/17/57/10571757.jpg?width=260&height=260&fit=bounds&canvas=260,260"
478,Robert Mondavi 2011 Reserve Chardonnay (Carneros),3,"https://www.wine-searcher.com/images/labels/24/70/11252470.jpg?width=260&height=260&fit=bounds&canvas=260,260"
479,Bodega NQN 2007 Picada 15 Red (Neuquén),3,https://www.wespeakwine.com/resize/Shared/images/product/u/551/75SAPVP0775__05650.jpg?bw=600&bh=600
480,Westerly 2012 Fletcher's Red (Santa Ynez Valley),3,"https://www.wine-searcher.com/images/labels/61/80/10596180.jpg?width=260&height=260&fit=bounds&canvas=260,260"
481,Nathaniel Rose 2012 Left Bank Abigail's Vineyard Domaine Barrien Cabernet Sauvignon (Lake Michigan Shore),3,https://sipology.files.wordpress.com/2023/09/wp-1694029862867.jpg
482,Lynmar 2011 La Serenité Chardonnay (Russian River Valley),3,https://cdn.ct-static.com/labels/670c48e4-aa72-4843-9261-4a6613c501f3.jpg
483,Bridlewood 2004 Estate Syrah (Santa Ynez Valley),3,https://www.wineenthusiast.com/wp-content/assets/reviews/label-images/wine/wine/80912_32BBE_2001_050108.jpg
484,St. Amant 2013 Lodi Native Marian's Vineyard Zinfandel (Mokelumne River),3,https://cdn.ct-static.com/labels/af2373c1-1f2b-43d8-83ba-2b1dbdbe69d9.jpg
485,Lachini 2008 Lachini Family Estate Pinot Noir (Chehalem Mountains),3,"https://www.wine.com/product/images/w_600,h_600,dpr_2.0,c_fit,q_auto:good,fl_progressive/109034.jpg"
486,Château Joanin Bécot 2012  Castillon Côtes de Bordeaux,3,https://www.grandwinecellar.com/cdn/shop/products/86766764beff385fc3da3_1d355d6f-fc86-416a-b66f-e3bdb0516657.png?v=1658327193
487,Juris 2011 Tricata Red (Weinland Österreich),3,https://images.vivino.com/thumbs/YL4Kyn20SFi6mgrFwQ0MqA_pl_480x640.png
488,B Cellars 2009 Beckstoffer Dr. Crane Vineyard Cabernet Sauvignon (St. Helena),3,http://www.beckstoffervineyards.com//assets/vineyard_images/Wine_Labels/TK_BCellars_2014_CS.jpg
489,Honda Civic EXi,4,https://i.ytimg.com/vi/_1rOnrqWa70/maxresdefault.jpg
490,Changan Alsvin,4,https://upload.wikimedia.org/wikipedia/commons/thumb/6/61/2018_Chang%27an_Alsvin_%28front%29.jpg/640px-2018_Chang%27an_Alsvin_%28front%29.jpg
491,Suzuki Every Wagon,4,https://i.ytimg.com/vi/Ma3YjeBTHt0/maxresdefault.jpg
492,Toyota Corolla Axio,4,https://upload.wikimedia.org/wikipedia/commons/8/87/Toyota_Corolla_Axio_%28E160%29_front_%28cropped%29.JPG
493,Mitsubishi Minicab Bravo,4,https://upload.wikimedia.org/wikipedia/commons/f/fa/Mitsubishi_Minicab_Bravo_Super_Aero_Roof_4WD.JPG
494,Toyota Passo,4,https://global.toyota/pages/news/images/2014/04/14/1330/s/paso1404_05_S.jpg
495,Toyota Prius,4,"https://hips.hearstapps.com/hmg-prod/images/prius-2023-0006-hi-rez-2-1670869383.jpg?crop=0.515xw:1.00xh;0.229xw,0&resize=640:*"
496,Suzuki Cultus VXR,4,https://i.ytimg.com/vi/0FNp_IByaq4/maxresdefault.jpg
497,Honda City Aspire,4,https://i.ytimg.com/vi/7ls-jvE3itE/maxresdefault.jpg
498,Honda City IVTEC,4,https://upload.wikimedia.org/wikipedia/commons/1/15/2017_Honda_City_i-VTEC.jpg
499,KIA Picanto,4,https://upload.wikimedia.org/wikipedia/commons/8/8d/2018_Kia_Picanto_3_Automatic_1.2_Front.jpg
500,Honda Civic Oriel,4,https://www.honda.com.pk/images/2022/03/8-scaled.jpg
501,Suzuki Wagon R,4,https://upload.wikimedia.org/wikipedia/commons/d/d7/2018_Suzuki_Karimun_Wagon_R_GL_%28front%29.jpg
502,Daihatsu Terios Kid,4,https://upload.wikimedia.org/wikipedia/commons/thumb/d/d3/Daihatsu_Terios_Kid_004.JPG/1200px-Daihatsu_Terios_Kid_004.JPG
503,Toyota Corrolla Altis,4,https://miro.medium.com/v2/resize:fit:1024/1*1SfpPoXrNhgxdduhxcvXBQ@2x.jpeg
504,Mitsubishi Minica,4,https://upload.wikimedia.org/wikipedia/commons/f/f5/Mitsubishi_Minica_XF-4_5-door_%28H27A%29%2C_front_right.jpg
505,Daihatsu Hijet,4,https://upload.wikimedia.org/wikipedia/commons/thumb/8/83/Daihatsu_Hijet_Cargo_1101.jpg/280px-Daihatsu_Hijet_Cargo_1101.jpg
506,Chevrolet Joy,4,https://gmauthority.com/blog/wp-content/gallery/2020-chevrolet-joy/2020-chevrolet-joy-exterior-001.jpg
507,Honda City IDSI,4,https://i.ytimg.com/vi/z_bKm1f0l5c/maxresdefault.jpg
508,Chevrolet Exclusive,4,https://cache4.pakwheels.com/system/car_generation_pictures/3176/original/Chevrolet_Joy.jpg?1449039106
509,Toyota Corolla XLI,4,https://upload.wikimedia.org/wikipedia/commons/thumb/1/13/Toyota_Corolla_1.6_XLi_%28E100%29.jpg/1280px-Toyota_Corolla_1.6_XLi_%28E100%29.jpg
510,Daihatsu Cuore,4,https://upload.wikimedia.org/wikipedia/commons/b/ba/Daihatsu_Cuore_1000_2001.jpg
511,Mitsubishi Ek Wagon,4,https://upload.wikimedia.org/wikipedia/commons/thumb/d/db/Mitsubishi_eKwagon_2004.jpg/280px-Mitsubishi_eKwagon_2004.jpg
512,Honda Civic VTi,4,https://upload.wikimedia.org/wikipedia/commons/thumb/9/91/96-98_Honda_Civic_LX_sedan.jpg/1200px-96-98_Honda_Civic_LX_sedan.jpg
513,Suzuki Mehran VX,4,https://i.ytimg.com/vi/7LVY1MPnSnI/maxresdefault.jpg
514,Suzuki Every,4,https://upload.wikimedia.org/wikipedia/commons/thumb/8/86/Suzuki_Every_PA_4WD_DA64V_0371.JPG/1200px-Suzuki_Every_PA_4WD_DA64V_0371.JPG
515,Suzuki Liana,4,https://upload.wikimedia.org/wikipedia/commons/thumb/5/52/02-04_Suzuki_Aerio_sedan.jpg/640px-02-04_Suzuki_Aerio_sedan.jpg
516,Toyota Corolla Assista,4,https://static.carfromjapan.com/spec_5c5cc911-df0a-4659-bc9f-6330d4994436_640_0
517,Suzuki Alto,4,https://upload.wikimedia.org/wikipedia/commons/thumb/5/55/1994-1997_Suzuki_Alto.jpg/280px-1994-1997_Suzuki_Alto.jpg
518,Mercedes E Class,4,https://wieck-mbusa-production.s3.amazonaws.com/photos/71a5db8623180bcf6cc94320435b08ed04cff995/preview-928x522.jpg
519,Daihatsu Move,4,https://upload.wikimedia.org/wikipedia/commons/thumb/d/da/Daihatsu_Move_Custom_RS_Turbo.JPG/280px-Daihatsu_Move_Custom_RS_Turbo.JPG
520,Mercedes C Class,4,https://upload.wikimedia.org/wikipedia/commons/b/be/Mercedes-Benz_W206_IMG_6380.jpg
521,Toyota Altis Grande,4,https://i.ytimg.com/vi/5D_UknD2zPs/maxresdefault.jpg
522,Mitsubishi Lancer,4,https://upload.wikimedia.org/wikipedia/commons/9/91/2017-04-02_Mitsubishi_Lancer_Evolution_X_MR_SST_14_%282%29.jpg
523,Honda Civic VTi Oriel,4,https://cache2.pakwheels.com/system/car_generation_pictures/2815/original/Honda-Civic-(2nd).jpg?1443689357
524,Suzuki Baleno,4,https://www.globalsuzuki.com/automobile/lineup/baleno/img/360.jpg
525,Suzuki Bolan,4,https://media.licdn.com/dms/image/D4D12AQHXbb780LKg5A/article-cover_image-shrink_600_2000/0/1698056407075?e=2147483647&v=beta&t=hU0ocS_oEha10TLJJ4nAr3YY6rB7DPMrCu_c1gLI8qg
526,Suzuki Cervo,4,https://upload.wikimedia.org/wikipedia/commons/thumb/b/bc/5th_Suzuki_Cervo.jpg/280px-5th_Suzuki_Cervo.jpg
527,KIA Classic,4,https://i.ytimg.com/vi/eEnvvUnSbYY/maxresdefault.jpg
528,Daihatsu Mira,4,https://upload.wikimedia.org/wikipedia/commons/0/03/Daihatsu_Mira2006.JPG
529,Toyota Yaris,4,https://upload.wikimedia.org/wikipedia/commons/thumb/3/3e/2020_Toyota_Yaris_Design_HEV_CVT_1.5_Front.jpg/1200px-2020_Toyota_Yaris_Design_HEV_CVT_1.5_Front.jpg
530,Suzuki Swift,4,https://www.topgear.com/sites/default/files/2023/12/Suzuki_Swift_04.jpg
